{
  "name": "travelMap",
  "version": "1.0.2",
  "main": "travelmap.min.js",
  "ignore": [
    ".git",
    "**/*.txt",
    ".settings",
    "node_modules",
    ".gitattributes",
    ".gitignore",
    "karma.conf.js"
  ],
  "dependencies": {
    "gmaps": "~0.4.17"
  },
  "homepage": "https://github.com/shawnwildermuth/travelmap",
  "_release": "1.0.2",
  "_resolution": {
    "type": "version",
    "tag": "1.0.2",
    "commit": "c9701c3502a93312177725563bf8cbafe7188729"
  },
  "_source": "https://github.com/shawnwildermuth/travelmap.git",
  "_target": "~1.0.2",
  "_originalSource": "travelmap"
}